1,silicon valley friend ,10/15/2017
2,google places fake news ads fact check sites true ,10/18/2017
3,google funded think tank ousts google critic ,8/31/2017
4,google yields regulators eurozone ,9/28/2017
5,walmart google team eye amazon ,8/23/2017
6,google backing values also fostering debate ,8/12/2017
7,contentious memo ripples beyond google ,8/9/2017
8,google traffic cop ,9/27/2017
9,get free google home smart speaker doughnuts ,10/9/2017
10,stocks rally amazon parries google wal mart retailers rise week review ,8/25/2017
11,google rolls search shopping ad changes europe ,9/28/2017
12,fired google ,8/14/2017
13,google episode sends message diversity tough sell silicon valley ,8/11/2017
14,petmed asks google remove tramadol ads search results ,8/25/2017
15,google developing technology snapchat like media content ,8/5/2017
16,google misinformed public ,1/20/2017
17,risky gamble google ,12/2/2005
18,google lens debut along new oreo android software ,8/18/2017
19,algorithms lives ,12/20/2013
20,google conquered american classroom ,5/14/2017
21,google unveils phones gadgets spotlight ,10/5/2017
22,google updates policy news pay walls ending first click free ,10/3/2017
23,fired engineer likely face obstacles challenging google ,8/9/2017
24,google popular new pixel buds ,10/7/2017
25,google hit gender pay lawsuit ,9/15/2017
26,fallout google memo firestorm ,8/10/2017
27,google memo outrage ,8/9/2017
28,google aims make publishers allies digital subscription tools ,10/2/2017
29,google seen splitting shopping service avoid eu fines ,9/26/217
30,google htc deal pressure samsung huawei android ,9/21/2017
31,google pay 1 1 billion htc staff ip pixel phone push ,9/21/2017
32,google appeals fine regulatory risk underestimated analyst ,9/11/2017
33,wal mart google taking common internet foe ,8/23/2017
34,google others could profit machines apple ,8/14/2017
35,confronted google liberal groupthink shareholder meeting happened next ,8/10/2017
36,google clear europe search issues earnings report ,7/24/2017
37,google new diversity chief tackle slow pace change ,6/30/2017
38,google reaches 333 million tax settlement italy ,5/5/2017
39,google pixel 2 smartphone powerful pricey extravagance ,10/19/2017
40,google unveils 1 billion job training initiative ,10/13/2017
41,google unearths russia backed ads related u politics platforms ,10/10/2017
42,google says work congress inquiries russian election meddling ,9/30/2017
43,social media startup gab sues google removal play app store ,9/16/2017
44,google buys htc phone expertise 1 1 billion ,9/21/2017
45,rare move google imposes new limits addiction treatment ads ,9/15/2017
46,google appeals record 2 9 billion eu antitrust fine ,9/12/2017
47,google female workers receive lower wages data suggests ,9/9/2017
48,google issuing refunds advertisers fake traffic plans new safeguard ,8/26/2017
49,google controversy misses business case diversity ,8/14/2017
50,google sex traffickers ,9/7/2017
51,google disturbing influence ,8/31/2017
52,google care best us ,8/13/2017
53,google cancels employee meeting fears online harassment ,8/11/2017
54,google fires engineer divisive memo ,8/8/2017
55,google security app defect puberty ,7/27/2017
56,google wins french case avoiding 1 3 billion bill ,7/13/2017
57,google memo gender diversity sparks firestorm ,8/9/2017
58,google hardware launch takes shots apple amazon ,10/4/2017
59,google plans help news publishers increase subscriptions ,10/2/2017
60,traffic costs jam google ,7/25/2017
61,way google diversity memo crisis ,8/14/2017
62,google choke woke ,8/8/2017
63,stocks open flat google fed loom dow name jumps upgrade ,7/24/2017
64,new era google aims build g p ties ,1/30/2017
65,google helping mobile publishing publishers sure ,01/02/2017
66,google effect rubbing schools one rural oklahoma town ,12/12/2016
67,google says data centers run entirely renewable energy 2017 ,12/7/2016
68,google wants htc smartphone business ,9/22/2017
69,former google employees allege bias women ,9/15/2017
70,google offers olive branch publishers relaxing policy subscription sites ,9/13/2017
71,google outlines eu change search results ,8/30/2017
72,google broken promise cubans ,8/28/2017
73,google cancels meeting diversity citing safety concerns employees ,8/11/2017
74,google co founder enlisted engineer flying car ,8/4/2017
75,google searches ways boost news subscriptions ,8/21/2017
76,google told hand narrower set pay data ,7/18/2017
77,google co founder enlisted engineer flying car ,8/4/2017
78,google parent alphabet tries eyeglass mounted device ,7/19/2017
79,promised us jet packs ,7/24/2016
80,google ira terrorists ,9/24/2017
81,teaching time google ,4/29/2016
82,google conducting broad investigation russian influence ,9/30/2017
83,europe steps bid boost taxes google facebook internet giants ,9/14/2017
84,google politically correct monoculture ,8/8/2017
85,news publishers team take facebook google ,7/11/2017
86,google big swing know assistant ,9/29/2016
87,google uses elephants camels map remote parts globe ,6/8/2017
88,analyst downgrades google wonders passive buyers boosted fang ,6/15/2017
89,google spin waymo beat tesla ford morgan stanley ,5/23/2017
90,google waymo uber rival lyft team self driving ,5/15/2017
91,ad dependent google poised add ad blocker chrome ,4/20/2017
92,ok google fast food restaurant stock break ,4/18/2017
93,google prepares future always listening ,5/18/2017
94,la universidad central la mejor de rica latina en google adwords ,26/09/2015
95,google fires engineer amid memo firestorm ,8/8/2017
96,mattel names google executive margaret georgiadis ceo ,1/18/2017
97,stakes rising google antitrust fight europe ,10/31/2016
98,behind amazon google races across thresholds homes ,10/3/2016
99,google faces record eu antitrust fine ,6/17/2017
100,google help publishers prepare chrome ad blocker coming next year ,6/2/2017
101,google gives artificial intelligence power products ,5/18/2017
102,google ceo tops alphabet execs 200 million pay ,5/1/2017
103,google retools search engine demote hoaxes fake news ,4/26/2017
104,google details pay methodology show gender gap ,4/12/2017
105,google data wars comes location ,4/4/2017
106,google said facing record fine e u ,6/17/2017
107,k google home help plan vacation ,6/4/2017
108,google says pay italy tax bill ,5/5/2017
109,google retools search engine demote hoaxes fake news ,4/26/2017
110,google assistant beats apple siri spoken query results ,5/1/2017
111,google earnings revenue blow past estimates ,4/27/2017
112,shows google buy reporting earnings thursday ,4/26/2017
113,ai chip startup google pedigree take intel nvidia ,4/21/2017
114,rising dissent right silicon valley cover story ,8/9/2017
115,news sites take two digital giants ,7/10/2017
116,nasa google buscan cambiar la computaci n ,06/10/2015
117,google renov hardware en san francisco ,30/09/2015
118,google cobra por anuncios de youtube que nadie ,24/09/2015
119,google street view protege los elefantes ,16/09/2015
120,google empieza mostrar tuits relevantes ,25/08/2015
121,google calcula el costo de poner paneles solares en tu casa ,24/08/2015
122,google anunci parche que repara vulnerabilidad ,08/08/2015
123,google quiere revivir sus gafas inteligentes con enfoque en los negocios ,03/08/2015
124,google trains ad computers offended ,4/3/2017
125,locksmiths pick pockets ,1/31/2016
126,google main strategy threat eu ,6/30/2017
127,google eu fine small price pay scale ,6/28/2017
128,uber google fight ,6/14/2017
129,google android everyone looking ,5/18/2017
130,google pays female workers less male counterparts labor department says ,4/10/2017
131,google trust us approach satisfy pay gap skeptics ,6/26/2017
132,e u pursuit google propelled rivals ,4/29/2016
133,google android everyone looking ,5/18/2017
134,google pixel review android iphone waiting ,10/19/2016
135,major sites face rebuke ads tied racism ,9/16/2017
136,pinterest prepared challenge big dogs ,7/3/2017
137,google generous hands ,7/20/2016
138,antitrust push google likely grow cover story ,4/20/2016
139,google buy modular homes address housing crunch ,6/15/2017
140,google parent retires firefly self driving prototype ,6/14/2017
141,google breaks support youtube ad flap boost facebook tv networks ,3/23/2017
142,google plays catch cloud amazon microsoft ,2/24/2017
143,google stock falls fifth day trump ftc eyed ,2/1/2017
144,google grabs back auto spotlight nvidia intel ,1/9/2017
145,google court victory good scholarly authors ,11/13/2015
146,google high speed web plans hit snags ,8/15/2016
147,google trips travel guide sort reads mind ,11/19/2016
148,google parent alphabet finds new growth beyond search ,1/27/2017
149,google privacy policy change faces new scrutiny eu ,1/25/2017
150,google talks sell satellite business ,1/11/2017
151,google costs always click ,4/27/2017
152,google youtube continued showing brands ads racist objectionable videos ,3/25/2017
153,google simplify youtube advertiser controls amid outcry extremist videos ,3/21/2017
154,google vows control brands online ads ,3/18/2017
155,google youtube ending annoying 30 second unskippable ads hate ,2/21/2017
156,apple google car apps get pushback ford toyota ,1/4/2017
157,google prevails android code case ,5/27/2016
158,e u takes aim google claims mobile software open ,4/21/2016
159,europe tried rein google backfired cover story ,4/19/2016
160,race vs fake news google facebook stroll starting line ,1/26/2017
161,google faces new eu complaint android ,3/8/2017
162,google help advertisers keep away hate speech ,3/22/2017
163,google faces inquiry regulators turkey ,3/7/2017
164,google steps effort keep ads away controversial content ,3/22/2017
165,inside yelp fierce google grudge ,7/2/2017
166,next trip courtesy google ,3/13/2016
167,google fires employee behind anti diversity memo ,08/12/2017
168,google es la firma favorita para trabajar entre bancos lidera bbva ,21/10/2015
169,google dice que b squedas en viles superan las de ordenadores ,09/10/2015
170,google presenta dos nuevos tel fonos nexus ,30/09/2015
171,google premia investigador chileno ,25/09/2015
172,google entra de lleno la batalla por los pagos en el celular con apple samsung en estados unidos ,11/09/2015
173,sundar pichai carga con todos los desaf os de google ,12/08/2015
174,google rechaza ampliar el derecho al olvido ,31/07/2015
175,udelar contra acuerdo de plan ceibal google por temor espionaje ,09/07/2015
176,google etiquet dos negros como gorilas ,02/07/2015
177,c maras de google street view circulan por uruguay ,26/06/2015
178,google permite deshacer el env de un mensaje de correo en gmail ,25/06/2015
179,google pagar quienes encuentren problemas en android ,17/06/2015
180,google aconseja cuba saltar cableado e ir conexiones viles ,17/06/2015
181,el google chino presentar su auto sin chofer ,10/06/2015
182,tecnol gicas destinan us 116 6 mills al lobby en ee uu google es la que gasta ,26/05/2015
183,google trabaja en un sistema para controlar la casa ,25/05/2015
184,google llevar sus autos sin conductor las calles este ,18/05/2015
185,usuarios traviesos fuerzan google suspender ediciones de sus mapas ,12/05/2015
186,google goes public cover story ,8/20/2004
187,google yahoo settle dispute search patent ,8/10/2004
188,judge dismisses one crucial claim made suit google ,12/16/2004
189,google darn bad scandal ,3/29/2017
190,google needs clicks get ,3/24/2017
191,google facebook build data highway asia financed chinese developer ,3/16/2017
192,google tv ,3/2/2017
193,google youtube launch 35 month web tv service ,3/1/2017
194,google team cracks longtime pillar internet security ,2/27/2017
195,facebook google step efforts combat fake news ,2/7/2017
196,google sell satellite unit planet labs ,2/6/2017
197,google gets stronger still search ,1/27/2017
198,google turns focus india small businesses amid search users ,1/5/2017
199,google plans ad blocking feature popular chrome browser ,4/20/2017
200,google faces tall order policing content ,3/24/2017
201,pewdiepie show canceled google youtube ,2/15/2017
202,google uses search engine hawk products ,1/20/2017
203,google da inicio la quinta edici n de google science fair ,23/02/2015
204,google waze plans expansion ride sharing service ,2/23/2017
205,google faces tall order policing content ,3/24/2017
206,google blood money ,4/2/2017
207,google rack cash hate videos ,3/18/2017
208,google home overtake amazon smart echo 2020 ihs ,11/10/2016
209,q3 bottom line google cash machine amazon free spender ,10/28/2016
210,google nabs cbs amazon hulu seek ott partners ,10/19/2016
211,apple google product leaks proliferate tell whole story ,10/15/2016
212,google pixel science project called nonevent apple ,10/5/2016
213,alphabet stock flat google hardware launch surprises ,10/4/2016
214,htc help google smartphones another motorola ,9/20/2017
215,google buck amazon demand voice search grows ,9/13/2017
216,sony jumps smart speaker market assist google ,8/31/2017
217,google moola ,8/22/2004
218,google ready take bids new questions arise ,8/13/2004
219,new incentive google employees awards worth millions ,2/1/2005
220,questions praise google web library ,12/18/2004
221,google fires back eu charges ,11/3/2015
222,view left unseen google cultural site ,12/2/2015
223,youtube sets policies restrict extremism ,6/19/2017
224,google makes nevada land grab data center ,4/18/2017
225,things know google privacy battles ,1/25/2017
226,google focus one operating system ,10/30/2015
227,google backs health insurance startup ,9/16/2015
228,bid divide conquer leader users mind take helm google ,8/11/2015
229,humanities go google cover story ,6/4/2010
230,google hace mea culpa por anteojos inteligentes ,19/03/2015
231,google permitir contenido sexual en blogger ,01/03/2015
232,google eliminar su programa de mensajer de windows ,17/02/2015
233,google earth pro val us 399 ahora gratis ,03/02/2015
234,google aims make publishers allies digital subscription tools ,10/2/2017
235,google seen splitting shopping service avoid eu fines ,9/26/217
236,facebook amazon google fear regulators ,9/25/2017
237,google htc deal pressure samsung huawei android ,9/21/2017
238,google pay 1 1 billion htc staff ip pixel phone push ,9/21/2017
239,google appeals fine regulatory risk underestimated analyst ,9/11/2017
240,fang stocks news quotes facebook amazon netflix google ,8/24/2017
241,wal mart google taking common internet foe ,8/23/2017
242,google lens debut along new oreo android software ,8/18/2017
243,google others could profit machines apple ,8/14/2017
244,confronted google liberal groupthink shareholder meeting happened next ,8/10/2017
245,google facebook take aim fake news sites ,11/15/2016
246,google fiber chief craig barratt exits amid strategy shift ,10/26/2016
247,google details new pixel smartphones amazon echo rival ,10/5/2016
248,google signs deal cuba speed services ,12/13/2016
249,google home vs amazon echo robot let life ,11/9/2016
250,google parent alphabet gets boost ads ,10/28/2016
251,microsoft ibm google brace amazon vmware cloud partnership ,10/12/2016
252,google strut pixel phones home assistant vs apple amazon ,10/3/2016
253,europe antitrust cases google microsoft ,11/11/2016
254,google points europe digital market rebutting antitrust charges ,11/4/2016
255,google signs deal cuba speed services ,12/13/2016
256,google pixel c tablet stuck adolescence ,12/9/2015
257,google ira terrorists ,9/24/2017
258,google tries opening analysts ,9/23/2015
259,google pursues return china ,9/5/2015
260,google digs protracted antitrust fight ,8/28/2015
261,europe deepens probe google ,8/22/2015
262,atop google low key chief ,8/12/2015
263,google creates parent shake cover story ,8/11/2015
264,apple google race predict want ,8/4/2015
265,f c said looking claims google ,9/26/2015
266,google twitter publishers seek faster web ,9/12/2015
267,aiming bring google heel ,8/29/2015
268,autonomy seen goal new google ,8/12/2015
269,bid divide conquer google overhaul gives founders room dream big beyond search ,8/11/2015
270,google mixes new name big ideas cover story ,8/11/2015
271,costs slow google outpaces forecasts ,7/17/2015
272,google youtube tv hit 2 million subscribers year ,10/3/2017
273,stocks peak facebook google boeing amazon lead huge earnings week ,7/28/2017
274,google facebook use ad policies take aim fake news sites ,11/15/2016
275,spanish tax authorities search google madrid offices ,7/1/2016
276,two views google monopoly trust buster ,5/8/2015
277,tomorrow fashion trending google ,4/27/2015
278,youtube advertiser exodus highlights perils online ads ,3/24/2017
279,google conquered american classroom ,5/14/2017
280,burger king k google ad seem k google ,4/13/2017
281,google ad auctions work ,1/20/2017
282,google agrees buy twitter unit called fabric ,1/19/2017
283,slightly frugal google ,12/27/2016
284,google hits back eu antitrust charges ,11/4/2016
285,amazon new tune speaks volumes google rivalry ,10/14/2016
286,google parent alphabet forms new driverless car company ,12/14/2016
287,google chile solo usa energ renovables ,13/01/2017
288,google frena su idea de hacer un auto sin chofer ,14/12/2016
289,roban datos de de un mill n de cuentas de google ,01/12/2016
290,el uso de google glass vuelve lentas las reacciones ,29/11/2016
291,google pixel review android iphone waiting ,10/19/2016
292,amazon new tune speaks volumes google rivalry ,10/14/2016
293,google conmemora al monstruo del lago ness ,22/04/2015
294,google privilegiar sitios adaptados para celulares ,21/04/2015
295,google maps convierte calles en senderos de pac man ,01/04/2015
296,us 70 mills para directora de google ,28/03/2015
297,google contrata la mujer fuerte de morgan stanley para ordenar su billetera ,25/03/2015
298,fabricante de lujo lanzar un reloj inteligente junto google e intel ,20/03/2015
299,google invita participar en su feria de ciencia ,09/03/2015
300,la nueva sede de google molesta sus vecinos de mountain view ,26/02/2015
301,zuckerberg dice que trabajar con google para ampliar internet ,19/02/2015
302,google aspira ofrecer sus mapas actualizados en tiempo real ,09/02/2015
303,ahora google le dice qu transmilenio le sirve ,05/02/2015
304,los sitios web alternativos google se enfocan en la privacidad ,01/02/2015
305,google developing technology snapchat like media content ,8/5/2017
306,gran breta compite contra google por tener su auto sin conductor ,27/06/2015
307,google le apuesta la realidad virtual al cart n ,07/06/2015
308,google crea sistema para pagar usando solo la cara ,01/06/2015
309,google se disculp por las bromas en sus mapas ,22/05/2015
310,google maps una inesperada herramienta para las bromas ,21/05/2015
311,marketo google cloud transform engagement solutions ,08/28/2017
312,prysm releases co browsing wireless screen sharing google cast ,08/24/2017
313,google buy modular homes address housing crunch ,6/15/2017
314,google parent retires firefly self driving prototype ,6/14/2017
315,google aims social media win vs facebook allo ,9/21/2016
316,expedia priceline tripadvisor dip google travel push ,9/19/2016
317,google takes lyft uber ride sharing via carpool service ,8/30/2016
318,early comcast celebrate google broadband delay ,8/16/2016
319,google aims quiet record label music beef piracy report ,7/13/2016
320,google makes historic mistake ,7/6/2016
321,google tests another way looking things ,9/1/2016
322,mattel names google executive margaret georgiadis ceo ,1/18/2017
323,google glass shatters social media accounts consumers close ,1/27/2016
324,google big swing know assistant ,9/29/2016
325,google french headquarters raided tax investigators ,5/25/2016
326,facebook google tighten grip mobile ads cover story ,7/30/2015
327,google shoots 65 billion day cover story ,7/18/2015
328,google unlike apple forgo bank fees ,6/6/2015
329,google delving users lives ,5/29/2015
330,google outsell amazon ebay ,5/16/2015
331,google steely adversary ,4/19/2015
332,microsoft cash seen factor google case cover story ,4/16/2015
333,europe said set charge google antitrust case ,4/15/2015
334,downside big profits google facebook ,10/21/2017
335,search giant sued 3 female ex employees cite pay discrimination ,9/15/2017
336,google plots conquer self driving cars making peace detroit ,9/12/2017
337,way social media data ,7/1/2017
338,google nets amazon com engineers google glass ,9/17/2015
339,backing hailed google parent ,10/21/2017
340,google hardware launch takes shots apple amazon ,10/4/2017
341,amazon ad revenue rising google facebook stay dominant ,9/21/2017
342,way google diversity memo crisis ,8/14/2017
343,google choke woke ,8/8/2017
344,google ,4/17/2015
345,google growth slows investors question company focus ,1/30/2015
346,rising dissent right silicon valley cover story ,8/9/2017
347,news sites take two digital giants ,7/10/2017
348,google accounts hit malicious android apps ,12/1/2016
349,another sign trouble google self driving car unit top roboticist leaving ,8/6/2016
350,google silences doubters great quarter lifting stock 4 ,7/29/2016
351,google races catch cloud computing ,7/25/2016
352,europe antitrust regulator levels new round charges google ,7/15/2016
353,eu pressing changes google ,10/4/2016
354,google searches new users india ,9/28/2016
355,google buy software company apigee 625 million ,9/9/2016
356,google signs cbs planned web tv service ,10/20/2016
357,google actualiza servicio de traducci n en l nea ,14/01/2015
358,google invertir en investigaci n latinoamericana ,09/12/2014
359,google costs always click ,4/27/2017
360,google youtube continued showing brands ads racist objectionable videos ,3/25/2017
361,google steps effort keep ads away controversial content ,3/22/2017
362,google help advertisers keep away hate speech ,3/22/2017
363,google simplify youtube advertiser controls amid outcry extremist videos ,3/21/2017
364,google vows control brands online ads ,3/18/2017
365,google faces new eu complaint android ,3/8/2017
366,google faces inquiry regulators turkey ,3/7/2017
367,race vs fake news google facebook stroll starting line ,1/26/2017
368,google parent alphabet finds new growth beyond search ,1/27/2017
369,google privacy policy change faces new scrutiny eu ,1/25/2017
370,google talks sell satellite business ,1/11/2017
371,google profits surge strong ad demand ,7/29/2016
372,new highs google poised make another move ,9/22/2016
373,google hints unveil new smartphone oct 4 ,9/20/2016
374,behind amazon google races across thresholds homes ,10/3/2016
375,google trains ad computers offended ,4/3/2017
376,google trips travel guide sort reads mind ,11/19/2016
377,eu set issue fresh formal antitrust charges google ,6/28/2016
378,eu files formal charges google android conduct ,4/21/2016
379,google plays catch device already knows ,5/19/2016
380,google ready put car street ,5/16/2015
381,challenge google ,4/16/2015
382,google high speed web plans hit snags ,8/15/2016
383,google glass gets new direction ,1/16/2015
384,google glass deal thrusts intel deeper wearables ,12/1/2014
385,analysts ask next google ,10/17/2014
386,teaching time google ,4/29/2016
387,google caps costs growth slackens ,4/24/2015
388,google wireless service undercuts phone plans ,4/23/2015
389,google case spotlights decline shopping sites ,4/17/2015
390,europe charges google searches cover story ,4/16/2015
391,eu girds move google cover story ,4/2/2015
392,mobile alters landscape google operates ,3/27/2015
393,ruth porat clicks google ,3/25/2015
394,google taps wall street cfo ,3/25/2015
395,google frequent visitor white house cover story ,3/25/2015
396,ftc staff wanted sue google cover story ,3/20/2015
397,google wireless plan one catch ,3/6/2015
398,take google court staff report urged f c ,3/20/2015
399,hoping google lab rainmaker ,2/16/2015
400,google mighty forever ,2/12/2015
401,google clear europe search issues earnings report ,7/24/2017
402,analyst downgrades google wonders passive buyers boosted fang ,6/15/2017
403,google spin waymo beat tesla ford morgan stanley ,5/23/2017
404,google waymo uber rival lyft team self driving ,5/15/2017
405,facebook amazon netflix google common ,5/5/2017
406,algorithms lives ,12/20/2013
407,alphabet reports rising profits core google businesses ,2/2/2016
408,need earbuds always tell truth ,10/21/2017
409,judge issues blow uber trial ,8/19/2017
410,alt right finds new enemy silicon valley ,8/10/2017
411,disrupt silicon valley sexism ,8/9/2017
412,help ,8/3/2017
413,traffic report ,7/1/2017
414,google funded think tank ousts google critic ,8/31/2017
415,new google earbuds offer real time translation feature ,10/06/2017
416,major sites face rebuke ads tied racism ,9/16/2017
417,pinterest prepared challenge big dogs ,7/3/2017
418,google evil ,5/6/2011
419,google brings home ,10/5/2016
420,google kills plan make modular phone ,9/6/2016
421,google antitrust scrutiny south korea ,8/13/2016
422,google youtube business tuned ,7/14/2016
423,google hit record 2bn fine ,6/27/2017
424,google challenges south korea mapping restrictions ,5/18/2016
425,facebook google netflix lead week insider trades ,7/8/2016
426,google android plea oracle took risk wants big payday ,5/23/2016
427,google raked 21 billion android profit oracle says ,5/10/2016
428,speculation apple root google q1 ad commission hike persists ,5/6/2016
429,google inks driverless car pact fiat chrysler ,5/3/2016
430,google confirms fca self driving pact illumina cbs report ,5/3/2016
431,google transparency project sees google government revolving door ,4/26/2016
432,microsoft google bury hatchet amid eu regulatory probe ,4/22/2016
433,save tvs google ,5/30/2016
434,google home vs amazon echo ,5/23/2016
435,google set 1 2 billion fine thornier issue looms ,6/27/2017
436,google ends scanning gmail aim ads ,6/24/2017
437,making google censor ,6/12/2017
438,heart bumping go master loses google ,5/26/2017
439,ex google venture capitalist opening fund ,5/17/2017
440,google hit nationwide email attack victim ,5/4/2017
441,time break google ,4/23/2017
442,promised us jet packs ,7/24/2016
443,past glass ceiling ,8/25/2013
444,google ready jump market cell service ,1/22/2015
445,google nears investment spacex ,1/20/2015
446,google lobbies cheaper airwaves ,1/6/2015
447,google car project drive ,12/20/2014
448,google rival amazon buy button ,12/16/2014
449,spain fresh front google europe ,12/12/2014
450,apple google set disney video deal ,11/4/2014
451,google puts 1 billion spacex ,1/21/2015
452,detractors google take fight states ,12/17/2014
453,google aumenta un 27 su beneficio econ mico ,28/10/2016
454,apple google son las empresas valiosas por cuarto consecutivo seguidas por coca cola microsoft toyota ,06/10/2016
455,google lanz la ltima versi n de android ,23/08/2016
456,google premia ingenieros chilenos ,04/08/2016
457,e u pursuit google propelled rivals ,4/29/2016
458,google cultural institute puts viewers onstage ,12/2/2015
459,google owner accuses eu antitrust face ,11/3/2015
460,house google built ,10/23/2015
461,eu antitrust attack google really attack u high tech innovation ,6/28/2017
462,paypal reject charges facebook apple amazon google ,5/3/2017
463,google sets new tack virtual reality ,3/7/2015
464,google filtra planos de un auto que viaja en el tiempo ,21/10/2015
465,whatsapp integrar google drive ,14/10/2015
466,de la mitad de las b squedas de google vienen de viles ,12/10/2015
467,pwc google forman alianza en xico ,29/09/2015
468,google se ala las nuevas tendencias de navegaci n ,28/09/2015
469,google recibe el oto con calabazas ,23/09/2015
470,google confirma fecha para su evento ,21/09/2015
471,fotos en 360 grados con google street view ,03/09/2015
472,ingresos de google cumplen expectativas ,30/01/2015
473,wikileaks acusa google de permitir violaci n de privacidad ,27/01/2015
474,google planea invertir us 1000 para llevar internet todo el mundo ,21/01/2015
475,google invertir us 1 000 mills en firma de transporte espacial ,21/01/2015
476,google latam conectan emprendedores del pa ,01/01/2015
477,carro aut nomo de google cada vez cerca ,24/12/2014
478,google argentina tras la pornograf infantil ,21/12/2014
479,keylor navas atrapa atenci n de ticos en buscador google ,16/12/2014
480,avanza el tel fono modular de google ,11/12/2014
481,google busca terminar con los captcha ,05/12/2014
482,google selecciona las mejores apps del ,27/11/2014
483,eliminar todos los avisos de google ,25/11/2014
484,para qu quiere google un aer dromo de la nasa ,13/11/2014
485,google donar para el combate al bola ,11/11/2014
486,google glass podr obstaculizar la visi n perif rica ,06/11/2014
487,google renueva su aplicaci n calendar ,04/11/2014
488,google clearer view shows ,2/2/2016
489,search deal apple shows google mobile vulnerability ,1/23/2016
490,oarsman facing olympian task defend fire google reputation ,10/6/2017
491,olympian task google alex ,10/6/2017
492,google exploits us support ira g ,10/1/2017
493,amazon unveiling products likely focus echo digital assistant ,9/27/2017
494,apple facebook google fang stocks 2 near buys p 500 futures ,9/22/2017
495,google talks buy htc smartphone business reports say ,9/7/2017
496,google snap decision build look alike tech buy ,8/4/2017
497,car wars google driverless ,9/27/2017
498,google 810m bet smartphones ,9/22/2017
499,google faces legal action paying women less ,9/15/2017
500,google fight 2 1bn fine eu watchdog ,9/12/2017
501,google 12 000 gender pay gap ,9/11/2017
502,google axes video gang linked teen killing ,9/8/2017
503,google fires employee lef w ing bias memo ,8/9/2017
504,google fires engineer accused left wing ,8/9/2017
505,fired saying google lef w ing ,8/9/2017
506,hypocrisy google warped values liberal left ,8/9/2017
507,google gang crime shame ,8/8/2017
508,google gang crime disgrace ,8/8/2017
509,google cranks mobile war htc swoop ,9/21/2017
510,google moves soothe eu worries competition ,8/30/2017
511,google gender row misinterpreted ,8/14/2017
512,go ahead google 1bn king cross hq ,8/11/2017
513,go ahead google king cross hq ,8/11/2017
514,google headquarters ,8/11/2017
515,google set face legal battle 60 women gender pay bias ,8/9/2017
516,fired google engineer said women anxious top jobs ,8/8/2017
517,echo fight web giant google ,9/30/2017
518,new google glass saga unfolds ,12/31/2015
519,google glass primps facebook oculus vr launch nears ,12/30/2015
520,etsy surges google algorithm tweaks ,7/20/2015
521,new google glass businesses report ,7/30/2015
522,risky gamble google ,12/2/2005
523,judge hands google big victory lengthy case book scanning ,11/22/2013
524,apple se une facebook google en el trabajo con inteligencia artificial ,30/01/2017
525,fallo en favor de google de la libertad de expresi n ,15/01/2017
526,se l veta google maps por el conflicto con corea del norte ,19/11/2016
527,google cruza la frontera entre lo anal gico lo digital ,16/11/2016
528,fondos depositados en google wallet garantizados por la fdic ,23/04/2015
529,ahora puede localizar su celular desde google ,20/04/2015
530,revelan estrategias de google para triunfar ,18/04/2015
531,google disney apple las compa donde los estudiantes quieren trabajar ,08/04/2015
532,google registra patente para airbags exteriores en sus autos sin conductor ,27/03/2015
533,acusan google de monopolio ,21/03/2015
534,el poder de google bajo la lupa ,20/03/2015
535,la sombra china de google el buscador oriental baidu ,15/03/2015
536,google muesta c mo jap n se reconstruye ,12/03/2015
537,apple google en di logo con hbo para distribuir canal web ,06/03/2015
538,automotrices responden reto de apple google ,05/03/2015
539,google lanza app de trabajo para android ,03/03/2015
540,los planes de facebook google para conseguir que gente se conecte la red ,03/03/2015
541,google present su android work ,01/03/2015
542,el fin de google glass un proyecto estrategia que funcionaron ,21/02/2015
543,google mattel reviven el view master ,16/02/2015
544,google expone fallas de seguridad ajenas ,12/02/2015
545,pymes el foco de negocio de google colombia para el 2015 ,11/02/2015
546,google oceana se unen en la red para monitorear la pesca ilegal ,03/02/2015
547,google makes nevada land grab data center ,4/18/2017
548,things know google privacy battles ,1/25/2017
549,google spreads web rural india ,10/4/2016
550,google took different approaches yahoo ,7/26/2016
551,oracle dispute google centers software rights ,5/20/2016
552,saying wants protect users google ban payday loan ads ,5/12/2016
553,google new products reflect push machine learning ,5/19/2016
554,google bans ads payday lenders ,5/12/2016
555,ftc extends probe google android ,4/27/2016
556,eu set charge google android phone apps ,4/20/2016
557,google french headquarters raided tax investigators ,5/25/2016
558,google increase size frequency ads ,5/25/2016
559,google bans payday ads also backs payday lender ,5/20/2016
560,microsoft google end mutual complaints ,4/23/2016
561,google calendar finds spare time fills ,4/13/2016
562,google self driving car leader exits ,8/6/2016
563,google increase size frequency ads ,5/25/2016
564,google rising ad commission costs due apple morgan stanley ,6/28/2016
565,google acquires wireless isp broadband plans shifting ,6/23/2016
566,google twitter ties facebook rivalry spur speculation ,6/17/2016
567,fadell former apple star leaves google amid nest struggles ,6/3/2016
568,google win oracle good silicon valley software industry ,5/27/2016
569,stagefright spurs security probe google apple telecom firms ,5/9/2016
570,google facebook digital duopoly seen 67 mobile ad market ,5/3/2016
571,google created army accidental pirates getty images says ,4/28/2016
572,google ford uber lyft team lobby self driving cars ,4/26/2016
573,political drama draws alphabet owned google consumer surveys ,4/6/2016
574,google needs look back china boost growth says edison ,4/1/2016
575,watching google many arms ,6/26/2014
576,earnings sales google disappoint ,4/17/2014
577,google bid put glasses work ,4/8/2014
578,google latest search finding signs cancer ,10/29/2014
579,google heavy spending takes toll ,10/17/2014
580,eu official decries google pressure ,10/16/2014
581,google faces fight france tax bill cover story ,10/9/2014
582,google war aging ,9/4/2014
583,google pushes content ,8/19/2014
584,google target european backlash u tech dominance cover story ,9/9/2014
585,google starts erasing links searches europe ,7/4/2014
586,alphabet google try low cost smartphone india ,11/6/2015
587,sierra wireless supports google cloud iot core ,05/18/2017
588,google generous hands ,7/20/2016
589,antitrust push google likely grow cover story ,4/20/2016
590,inside yelp fierce google grudge ,7/2/2017
591,safety concerns sank google barges ,11/7/2014
592,google offers auction shopping ad spaces rivals ,9/19/2017
593,even think evil ,8/15/2017
594,google lanza su app para deportes ,30/10/2014
595,claves para sacar el ximo provecho google drive ,24/08/2014
596,google opens wall street ,9/23/2015
597,google brings chief self driving cars ,9/14/2015
598,google fiber bark worse market bite comcast report ,3/3/2016
599,google fiber heads san francisco faster search service coming ,2/24/2016
600,google cars still need human touch ,1/14/2016
601,google ceo received 100 5 million 2015 total compensation ,4/20/2016
602,searching win tech warrior final battle google ,5/26/2017
603,google says former driverless car executive developed rival exit ,4/4/2017
604,google pays female workers less male counterparts labor department says ,4/10/2017
605,google takes stricter approach costs ,7/14/2015
606,stocks peak facebook google boeing amazon lead huge earnings week ,7/28/2017
607,stocks open flat google fed loom dow name jumps upgrade ,7/24/2017
608,newspapers seek congress help dealing facebook google ,7/9/2017
609,google paying top academics millions back google ,7/13/2017
610,eu fines google 2 7 billion search giant signals appeal likely ,6/27/2017
611,google assistant beats apple siri spoken query results ,5/1/2017
612,google places fake news ads fact check sites true ,10/18/2017
613,google yields regulators eurozone ,9/28/2017
614,walmart google team eye amazon ,8/23/2017
615,google backing values also fostering debate ,8/12/2017
616,contentious memo ripples beyond google ,8/9/2017
617,google signs deal cuba speed services ,12/13/2016
618,google facebook take aim fake news sites ,11/15/2016
619,europe antitrust cases google microsoft ,11/11/2016
620,google home vs amazon echo robot let life ,11/9/2016
621,google points europe digital market rebutting antitrust charges ,11/4/2016
622,google parent alphabet gets boost ads ,10/28/2016
623,google fiber chief craig barratt exits amid strategy shift ,10/26/2016
624,google details new pixel smartphones amazon echo rival ,10/5/2016
625,google unlike apple forgo bank fees ,6/6/2015
626,google delving users lives ,5/29/2015
627,google outsell amazon ebay ,5/16/2015
628,google caps costs growth slackens ,4/24/2015
629,google wireless service undercuts phone plans ,4/23/2015
630,europe charges google searches cover story ,4/16/2015
631,eu girds move google cover story ,4/2/2015
632,google fiat plan autos ,5/4/2016
633,google glass gets new direction ,1/16/2015
634,google prevails android code case ,5/27/2016
635,e u takes aim google claims mobile software open ,4/21/2016
636,europe tried rein google backfired cover story ,4/19/2016
637,google beat facebook returning operations china ,3/13/2017
638,oracle google head back court ,5/9/2016
639,eu google probe focuses preloaded apps ,4/19/2016
640,google uses ai lure new cloud customers ,7/21/2016
641,time take google pc operating system seriously ,6/6/2016
642,google payday lending ban ,5/31/2016
643,google fiat chrysler begin work self driving minivans ,5/26/2016
644,google dreams power reality ,5/19/2016
645,google fares peak smartphone age ,5/16/2016
646,microsoft google end regulatory disputes ,4/23/2016
647,facebook launches research lab hires google executive helm ,4/14/2016
648,google plenty cash even loses android battle oracle ,5/6/2016
649,google books copyright suit ends supreme court rejects challenge ,4/18/2016
650,eu set issue fresh formal antitrust charges google ,6/28/2016
651,google wins java copyright case oracle ,5/27/2016
652,google fares peak smartphone age ,5/16/2016
653,google tools globetrotters ,1/26/2014
654,google spread web via satellites ,6/2/2014
655,google pivots privacy ,5/31/2014
656,facebook google get backlash logins ,5/21/2014
657,eu orders google let users erase past cover story ,5/14/2014
658,initial plan google privacy europe ,5/31/2014
659,google next phase driverless cars brakes steering wheel ,5/28/2014
660,google pixel 2 worthy rival iphone ,10/18/2017
661,google give 1 billion help u workers find jobs ,10/13/2017
662,google give help u workers find jobs ,10/13/2017
663,google takes iphone x ,10/05/2017
664,google responds amazon echo dot 49 home mini ,10/05/2017
665,google pixel phones ,10/04/2017
666,google spread false info las vegas attack ,10/04/2017
667,facebook google amazon big ,09/26/2017
668,google inks 1 1 billion deal pixel supplier htc ,09/22/2017
669,new lawsuit accuses google bias women ,09/15/2017
670,google tries change face tv computer scientists ,09/05/2017
671,hello google home ready make calls ,08/17/2017
672,google feud opinion still keep ,08/09/2017
673,fired google engineer files labor complaint ,08/09/2017
674,google right stop defending sexist views ,08/09/2017
675,google facebook menace ,08/08/2017
676,major update google search gets lot personal ,07/20/2017
677,google glass back time business sector ,07/20/2017
678,judge says google must turn records women pay ,07/18/2017
679,use google shop ,06/29/2017
680,google fined record setting 2 72 billion eu rules ,06/28/2017
681,need work google jobs help ,05/18/2017
682,year later google home lacks core online skills ,05/17/2017
683,google like others discovered hardware well ,05/16/2017
684,google warns phishing scam spread docs ,05/04/2017
685,new banking malware impersonates google play ,09/29/2017
686,google offer digital payment services india ,09/15/2017
687,google removes chrome extension used commit fraud ,08/18/2017
688,burger king k google ad seem k google ,4/13/2017
689,google glass shatters social media accounts consumers close ,1/27/2016
690,new google links users via zombies cats zombie cats ,11/18/2015
691,google picks login share ,11/5/2015
692,google microsoft expose brazil slums ,9/26/2014
693,google develops delivery drones ,8/29/2014
694,amazon preps challenge google ad business cover story ,8/23/2014
695,google employee murder ,4/15/2017
696,google sundar pichai welcomes india modi silicon valley ,9/24/2015
697,google nets amazon com engineers google glass ,9/17/2015
698,ford google join driverless cars group ,4/28/2016
699,google obama administration connect cuba ,3/24/2016
700,canada drops google antitrust probe ,4/20/2016
701,google shuttering comparison shopping site auto insurance credit cards mortgages ,2/23/2016
702,cracking google profit code ,1/25/2016
703,google strikes deal u k tax authority ,1/23/2016
704,supreme court declines hear authors guild challenge google books ,4/19/2016
705,google fined france right forgotten ,3/25/2016
706,google hosts forum help catch cloud business ,3/24/2016
707,google introduces package products sharpen advertising focus ,3/16/2016
708,europe antitrust enforcer google apple year ahead ,3/7/2016
709,google joins race speed mobile delivery articles ,2/25/2016
710,google takes new steps comply european privacy ruling ,2/12/2016
711,europe divided taxing google u giants ,1/29/2016
712,back taxes settlement costs google 185 million ,1/23/2016
713,google rediscovered 19th century ,8/2/2013
714,google working end ad flap derailed stock rally ,4/3/2017
715,google breaks support youtube ad flap boost facebook tv networks ,3/23/2017
716,verizon joins freezing google ads backlash grows ,3/22/2017
717,google plays catch cloud amazon microsoft ,2/24/2017
718,google stock falls fifth day trump ftc eyed ,2/1/2017
719,downside big profits google facebook ,10/21/2017
720,search giant sued 3 female ex employees cite pay discrimination ,9/15/2017
721,google plots conquer self driving cars making peace detroit ,9/12/2017
722,google ad auctions work ,1/20/2017
723,google uses search engine hawk products ,1/20/2017
724,google agrees buy twitter unit called fabric ,1/19/2017
725,way social media data ,7/1/2017
726,google looking burn issues pixel 2 xl ,10/24/2017
727,google give help u workers find jobs ,10/13/2017
728,google takes iphone x ,10/05/2017
729,google inks 1 1 billion deal pixel supplier htc ,09/22/2017
730,google employee spreadsheet alleges wide pay gap women ,09/13/2017
731,google pledges 50m 21st century job market ,07/27/2017
732,google parent alphabet takes profit hit eu fine ,07/25/2017
733,slightly frugal google ,12/27/2016
734,google parent alphabet forms new driverless car company ,12/14/2016
735,google hits back eu antitrust charges ,11/4/2016
736,next trip courtesy google ,3/13/2016
737,amazon new tune speaks volumes google rivalry ,10/14/2016
738,facebook google microsoft team support apple vs feds ,3/3/2016
739,google releases payments app mounts pressure apple paypal ,3/2/2016
740,google parent stays ahead stumbling tech pack ,2/11/2016
741,google ,2/3/2016
742,google shopping beating amazon far eu android probe go ,4/19/2016
743,google hands free app could disrupt store payments ,3/31/2016
744,like apple google android said ordered unlock smartphones ,3/30/2016
745,google youtube finally gets invite mobile binge party ,3/17/2016
746,apple alphabet cloud accord could help google catch amazon ,3/17/2016
747,google self driving car chief urges congress ok safety tech ,3/15/2016
748,google book project agony ecstasy ,10/9/2009
749,google gives 3 2 million study veterans college ,11/22/2013
750,google new push glass ,11/23/2013
751,google new ad star ,10/12/2013
752,oracle gains win google supreme court ,6/30/2015
753,google says new store data help mobile ads ,5/22/2015
754,former formula one chief max mosley settles legal dispute google ,5/16/2015
755,google set unveil wireless service ,4/22/2015
756,british couple began google antitrust battle ,4/16/2015
757,investigan impuestos de google en espa ,19/07/2016
758,parques arqueol gicos de colombia est n en google street view ,03/07/2016
759,google quiere ser el chico malo ,21/06/2016
760,google es una de las firmas queridas por sus empleados ,16/05/2016
761,google vuelve destronar apple como la compa valiosa en bolsa del mundo ,13/05/2016
762,google patenta un nuevo tipo de lente de contacto que se inyecta en el ojo ,02/05/2016
763,startup takes google glass surgery ,12/10/2014
764,google glass deal thrusts intel deeper wearables ,12/1/2014
765,amazon lanza fire tv stick desaf google ,28/10/2014
766,google trabaja en un celular modular con el que quiere revolucionar el mercado ,27/10/2014
767,jefe de google bate r cord de salto estratosf rico ,27/10/2014
768,google presenta su nuevo correo inbox ,24/10/2014
769,google toma acciones para detener la pirater ,21/10/2014
770,aparece el primer caso de adicci n google glass ,19/10/2014
771,google eval eventual cierre en espa ,16/10/2014
772,antel google otras har n cable submarino de internet ,10/10/2014
773,google prepara televisores modulares como los legos ,06/10/2014
774,google sacar unos 200 medios de su buscador ,02/10/2014
775,google renueva su servicio de sica ,01/10/2014
776,google refuerza plataforma chrome os con un soporte para photoshop ,30/09/2014
777,google llega uruguay con servicio de sica ,27/09/2014
778,google compra fabricante de cucharas para enfermos de parkinson ,12/09/2014
779,google est preparando su propia inteligencia artificial ,25/08/2014
780,google estudia crear cuentas para ni os ,20/08/2014
781,yahoo google se unen para crear un sistema antiespionaje ,13/08/2014
782,google maps lo llevar la luna marte ,07/08/2014
783,russian special services interested whats app viber facebook google telegram nikiforov part 2 ,10/18/2017
784,russian special services interested whats app viber facebook google telegram nikiforov part 2 ,10/18/2017
785,google avoids russian watchdog news aggregators register ,10/12/2017
786,google avoids russian watchdog news aggregators register ,10/12/2017
787,fas probing google yandex prominent placement services searches ,9/19/2017
788,google acquires belarusian company aimatter ,8/17/2017
789,spanish tax authorities search google madrid offices ,7/1/2016
790,mattel names google executive margaret georgiadis ceo ,1/18/2017
791,google case spotlights decline shopping sites ,4/17/2015
792,mobile alters landscape google operates ,3/27/2015
793,ruth porat clicks google ,3/25/2015
794,google taps wall street cfo ,3/25/2015
795,google frequent visitor white house cover story ,3/25/2015
796,ftc staff wanted sue google cover story ,3/20/2015
797,google wireless plan one catch ,3/6/2015
798,google fined 2 7 billion crowding european rivals ,6/28/2017
799,google gold mine search bar ,4/24/2017
800,apple google game apps ,4/21/2014
801,costs sap google profits ,4/17/2014
802,google advertisers follow mall ,4/14/2014
803,google checks hotel business ,4/9/2014
804,google searches role app age ,3/10/2014
805,google push fiber rollout comcast turf ,2/20/2014
806,aggressively agreeable google cuts antitrust deal cover story ,2/6/2014
807,china lenovo buys motorola phone unit google cover story ,1/30/2014
808,google broadens outreach gop cover story ,1/24/2014
809,google settles european antitrust case critics remain ,2/6/2014
810,big bet google sell motorola unit cover story ,1/30/2014
811,google toehold goods home ,1/14/2014
812,google plans smarter message app ,12/23/2015
813,google reaches emerging markets ,12/15/2015
814,google playing games new chip ,5/19/2016
815,google artificial intelligence tool offered free ,5/13/2016
816,neutrality thee google facebook amazon ,7/21/2017
817,10 000 new yorkers 20 years data trove everything ,6/5/2017
818,tech tip ,5/18/2017
819,google terrorists friend ,3/24/2017
820,boycotts google ,3/20/2017
821,youtube sets policies restrict extremism ,6/19/2017
822,google reaches u k tax settlement ,1/22/2016
823,google search ad business said strong eyes bad ads ,1/21/2016
824,google vs facebook clash internet titans ,12/29/2015
825,according google ,12/24/2015
826,google j j robotics move targets intuitive surgical ,12/10/2015
827,google express service widens southern california ,11/19/2015
828,google retreat social networking latest bad move ,11/18/2015
829,google startups pay services ,11/24/2015
830,google capital invests first public company care com shares pop ,6/30/2016
831,google may face third eu antitrust complaint ,6/27/2016
832,top ranked employers google salesforce facebook apple amazon ,6/20/2016
833,billionaire firms tail apple google tesla solar installations pwc ,6/20/2016
834,facebook google cash ads news media firms struggle ,6/15/2016
835,numbers behind google facebook amazon mobile domination ,6/7/2016
836,google tell youtube financials ,5/27/2016
837,new google microsoft deals game changers netease ,5/24/2016
838,amazon trouble google aims outsmart alexa home ,5/19/2016
839,google home takes amazon echo apple siri home hub ,5/18/2016
840,apple rival xiaomi make splash google ,5/17/2016
841,google worries mount eu antitrust fine oracle case outcome ,5/16/2016
842,google report unplugged youtube service follows hulu splash ,5/4/2016
843,facebook google worried ipo stock ,5/3/2016
844,google facebook nike delta lead week insider sales ,4/22/2016
845,facebook google among highest paying companies glassdoor ,4/20/2016
846,eu probe google phone deals follows french scrutiny apple ,4/18/2016
847,google baidu tesla gunning self driving car development ,4/11/2016
848,google picture brightens thanks larger screen smartphones ,4/7/2016
849,google new moonshot project human body ,7/25/2014
850,amid crazy valuations google finds steal ,6/16/2014
851,advertisement time buy shares wpp ,8/16/2017
852,letters ,8/12/2017
853,google fires employee wrote memo criticizing diversity initiatives ,8/7/2017
854,tesla google take two roads driverless car ,7/5/2016
855,hiring uber stokes rivalry google ,1/21/2017
856,google tests another way looking things ,9/1/2016
857,google view distractions smartphones ,7/13/2015
858,google focus one operating system ,10/30/2015
859,google vs authors may soon conclude final ruling ,10/12/2015
860,google giving life sciences unit room roam ,8/21/2015
861,nasdaq futures keep falling tech titans break support ,6/28/2017
862,google earnings missed worry ,4/22/2016
863,facebook google 230billion question ,4/13/2016
864,google also ordered help unlock phones records show ,3/31/2016
865,google scaling ahead cloud burst ,3/30/2016
866,france fines google right forgotten ,3/25/2016
867,cloud scale worth price amazon google microsoft ,3/16/2016
868,eu closer taking formal action google allegedly favoring apps ,3/16/2016
869,google fails overturn antitrust ruling russia ,3/15/2016
870,google could put pay tv box ,3/14/2016
871,google software notches third straight win human go champion ,3/14/2016
872,google joins facebook led initiative rewiring data centers ,3/10/2016
873,google cloud lures amazon web services customer spotify ,2/24/2016
874,google buyout want one ,2/17/2016
875,google book search helps hurts authors ,2/13/2016
876,google developing stand alone virtual reality headset ,2/12/2016
877,google bends european pressure right forgotten rule ,2/12/2016
878,google stole work millions authors ,2/8/2016
879,google hearing facebook footsteps ,2/1/2016
880,creador de los google glass se va amazon ,15/07/2014
881,google reader cumple un fuera de servicio sus reemplazos n lo superan ,01/07/2014
882,google ofrece dominios en internet ,30/06/2014
883,c mo eligen sus empleados firmas como google facebook apple ,08/08/2016
884,amazon ad revenue rising google facebook stay dominant ,9/21/2017
885,stocks rally amazon parries google wal mart retailers rise week review ,8/25/2017
886,google scaling ahead cloud burst ,3/30/2016
887,eu closer taking formal action google allegedly favoring apps ,3/16/2016
888,squabbling google right forgotten continues one year ,5/13/2015
889,google using nfl content leverage bolster youtube ad sales ,4/23/2015
890,google tops estimates prices ads slide ,10/18/2013
891,google results show struggle mobile ,7/19/2013
892,european antitrust fight google needs appease competitors ,7/18/2013
893,google escalates competition map services ,5/16/2013
894,europeans reach deal google searches ,4/15/2013
895,google hastens show concern privacy ,3/14/2013
896,google brainstorms online world shudders ,9/27/2013
897,lithuania tax man cometh right google car passeth cover story ,5/31/2013
898,google adds menagerie robots ,12/14/2013
899,google puts money robots using man behind android cover story ,12/4/2013
900,amazon google fight web window sponsors ,12/20/2013
901,google phone sly motive ,10/21/2013
902,vision care insurer vsp cover google glass ,1/28/2014
903,google mejora traducci n autom tica de smartphones tabletas ,25/01/2015
904,aprovecha el verano con google opinion rewards ,07/07/2015
905,conoce jalisco trav de special collects de google ,02/07/2015
906,google apple lanzar n nuevos sistemas de pago por celular ,19/06/2015
907,las mejores orquestas del mundo en streaming de google ,16/06/2015
908,google celebra inicio de la copa rica chile 2015 ,11/06/2015
909,apple ataca google redes sociales ,04/06/2015
910,google intenta decirte cu ntas calor tiene tu comida ,04/06/2015
911,google fotos podr separarse de plus ,25/05/2015
912,google maps hace mofa de cruz azul ,20/05/2015
913,con matem ticas google celebra el del maestro ,15/05/2015
914,se acerca el carro aut nomo de google ,29/12/2014
915,el mundial 2014 robin williams fueron lo buscado en google ,16/12/2014
916,buscados del mundial las lo requerido en google ,16/12/2014
917,los anteojos google glass dejaron de ser la gran promesa del futuro ,15/12/2014
918,los primeros 30 con inbox de google ,22/11/2014
919,el uso de google glass interfiere la visi n perif rica ,05/11/2014
920,el largo largo brazo de google ,04/11/2014
921,google traffic cop ,9/27/2017
922,google accounts hit malicious android apps ,12/1/2016
923,b google thing yesterday ,12/26/2004
924,counting google books ,1/7/2011
925,google sinks eu fine wallops profits ,7/25/2017
926,google beats french taxman ,7/13/2017
927,string firms could sue google ,7/3/2017
928,string firms could sue google ,7/3/2017
929,eu fines google 2bn abusing power ,6/28/2017
930,google fined 2 1billion ,6/28/2017
931,google faces 2 3bn fine power abuse ,6/28/2017
932,speeding student killed boyfriend crash followed google maps ,6/20/2017
933,google finally moves block internet terrorists ,6/19/2017
934,google plots blitz propaganda ,6/19/2017
935,google blitz propaganda ,6/19/2017
936,google faces billion euro eu fine ,6/17/2017
937,google faces one billion euro fine ,6/17/2017
938,google 235m fighting fund medical pioneers ,6/16/2017
939,google smashes 1 000 barrier ,6/6/2017
940,google remove hate preachers rants ,6/6/2017
941,longer shard tall google 1bn london hq ,6/2/2017
942,google plan spy loyalty cards ,5/25/2017
943,death manuals still google ,5/25/2017
944,google tech maker jumps 50pc clinching deal ,5/19/2017
945,buffett blew amazon google ,5/8/2017
946,google sued shooting ,5/5/2017
947,google search engine results show true extent private prejudices ,7/10/2017
948,best way get fast internet move next google london head office ,7/5/2017
949,google fined 2 1bn competition watchdog ,6/27/2017
950,sky virgin team take google ,6/15/2017
951,google ex boss warns may migrants curbs ,6/14/2017
952,google maps air quality reveal pollution cities ,6/8/2017
953,google googlers see comes ,6/2/2017
954,google play tech giant new hq rooftop running trail pool sports hall workers ,6/1/2017
955,google investors shrug reports hefty eu fine amazon rises ,6/2/2017
956,republican privacy bill scary stuff facebook google ,5/22/2017
957,google glass consumer rollout stalled indefinitely ,12/4/2014
958,google switch glass chips ,12/2/2014
959,google science working better ,3/30/2015
960,twitter strikes search deal google surface tweets ,2/5/2015
961,apple war samsung google crossfire ,3/31/2014
962,need earbuds always tell truth ,10/21/2017
963,judge issues blow uber trial ,8/19/2017
964,alt right finds new enemy silicon valley ,8/10/2017
965,disrupt silicon valley sexism ,8/9/2017
966,help ,8/3/2017
967,traffic report ,7/1/2017
968,alphabet post big 2016 google search analyst ,1/15/2016
969,ford google may speed self driving era roads ,12/22/2015
970,facebook google ready grab ad spending q4 ,12/11/2015
971,google retreat bad move ,11/19/2015
972,facebook google leading buy button charge report ,11/9/2015
973,google taps director cloud push ,12/24/2015
974,google joins heart research effort ,11/9/2015
975,red letter results day google ,10/23/2015
976,weighing google antitrust defenses ,10/2/2015
977,ford talks google autonomous driving venture ,12/23/2015
978,google american heart association announce joint research effort ,11/9/2015
979,google parent alphabet reports gains profit revenue ,10/23/2015
980,google breathing room new ideas ,10/2/2015
981,google digitize search millions books 5 top research libraries ,1/7/2005
982,google american heart association announce joint research effort ,11/9/2015
983,google nearly double green power buys ,12/4/2015
984,google moving chromebooks toward android ,11/2/2015
985,google view elephants ,11/1/2015
986,earnings strongly cash pile rising google plans stock buyback ,10/23/2015
987,times joins google virtual reality project ,10/21/2015
988,google digital library wins court appeals ruling ,10/17/2015
989,polyglot life ,5/6/2016
990,nexstreaming google widevine launch hls player sdk ,04/11/2017
991,shoretel integrates g suite google chrome streamline workflows ,02/16/2017
992,google signs cbs planned web tv service ,10/20/2016
993,eu pressing changes google ,10/4/2016
994,google details new pixel smartphones amazon echo rival ,10/5/2016
995,google searches new users india ,9/28/2016
996,google buy software company apigee 625 million ,9/9/2016
997,another sign trouble google self driving car unit top roboticist leaving ,8/6/2016
998,google silences doubters great quarter lifting stock 4 ,7/29/2016
